{
    "bonzoTimerGui": {
        "x": 734,
        "y": 281,
        "scale": 0.3999999999999999
    },
    "spiritTimerGui": {
        "x": 734,
        "y": 290,
        "scale": 0.3999999999999999
    },
    "phoenixTimerGui": {
        "x": 734,
        "y": 298,
        "scale": 0.3799999999999999
    }
}